,a1,a2,t1,t2
0,17.053783440530367,82.94621655946963,0.5528911993447501,2.050963027043927
1,52.88923038420445,47.11076961579555,0.22250765313510812,1.3919313340497768
2,74.32664142096996,25.673358579030037,0.41235227565920596,1.0055985773916016
3,53.18905841384019,46.81094158615981,0.7440267946346321,1.102382697728367
4,44.614409911757214,55.385590088242786,0.62321668209524,2.230300229563893
5,66.70834577455088,33.29165422544912,0.051301767656001376,1.968268655655629
6,39.144257317302845,60.855742682697155,0.9100727941063025,1.389066215585137
7,25.569312092380958,74.43068790761905,0.054806899101774983,2.3106982160931997
8,1.3173323161319805,98.68266768386802,0.8107719573362926,2.0414427342523385
9,55.40630983900792,44.59369016099208,0.12502056248771093,2.433879256768832
10,4.682576487803935,95.31742351219606,0.4952145764707933,2.683783600178626
11,60.410379440853305,39.589620559146695,0.16800223016757154,1.002705591390963
12,49.44925421766858,50.55074578233142,0.484473812845731,2.872747301861125
13,60.09461524552868,39.90538475447132,0.5608470350337197,2.3790280552887872
14,68.17501311479512,31.82498688520488,0.5406692133752555,1.321280826152868
15,76.64040383232285,23.359596167677154,0.7269931270246142,2.224820851558379
16,72.3521762769883,27.647823723011697,0.2783631216911021,3.943416446569067
17,42.87664489299181,57.12335510700819,0.31635199352071325,3.1268906807532515
18,67.28220959831411,32.71779040168589,0.7337276070560235,3.525995488397122
19,18.038165007234564,81.96183499276543,0.23477911265525764,3.4398412109710286
20,85.8769813607392,14.123018639260806,0.1820812499765695,1.2570872312252308
21,19.057164921171577,80.94283507882842,0.8995035138028884,1.747035047299872
22,31.83418898899355,68.16581101100645,0.17086281189765523,2.277824780195548
23,20.720965760224665,79.27903423977534,0.3969540279511658,3.449419831672012
24,20.140551480518642,79.85944851948136,0.15946476865295284,3.241937602629018
25,71.37892239286646,28.621077607133543,0.5671227355279254,2.3100408630018734
26,60.1960023466734,39.8039976533266,0.3004238308477269,3.5803965248273393
27,91.00591568685985,8.99408431314015,0.7423211736986316,3.531360544082417
28,71.71052476190972,28.289475238090276,0.46972376529549803,1.8004314609821428
29,21.472059296532986,78.52794070346701,0.8176047295557877,3.821197128958886
30,49.135960700202084,50.864039299797916,0.7661485051962269,1.4070889536475837
31,24.897623397595513,75.10237660240449,0.6360072518086765,3.6250814324982876
32,99.41593443897503,0.5840655610249712,0.8065337198306907,1.6975159314888753
33,11.15601995716673,88.84398004283327,0.2784494963254871,3.138534644576401
34,92.97287557061847,7.02712442938153,0.9653874661271011,3.9642607273205375
35,53.70218008390284,46.29781991609716,0.9579803284755682,1.0993408667013773
36,48.326469996130164,51.673530003869836,0.7627825533940112,3.509209913837298
37,60.73718551590622,39.26281448409378,0.42561199988727344,1.8310643676202103
38,51.613560240179815,48.386439759820185,0.8431365323998506,3.271866680189219
39,34.020469155461065,65.97953084453894,0.13466827447351848,2.254847711167655
40,57.053709085528126,42.946290914471874,0.3952507330023899,1.9201045954949818
41,51.91079529843198,48.08920470156802,0.21970422225823427,2.1893971954817655
42,16.643702863456898,83.3562971365431,0.4123561383382272,2.7747845075491715
43,90.83417399310338,9.165826006896623,0.8872820491663971,1.708848495361302
44,87.10361204186114,12.89638795813886,0.29133413662760876,2.8971279823278415
45,83.39689628482083,16.603103715179174,0.6450753718112826,2.939034948263397
46,21.01707545639212,78.98292454360788,0.39467811913013245,1.3908536668186362
47,97.47033940001172,2.5296605999882757,0.9709756350270244,3.0459025588422493
48,18.449181601895358,81.55081839810464,0.10462418448207247,1.746378932655764
49,18.082035550695007,81.91796444930499,0.5431830817764082,1.1393287530669267
50,44.31337436127104,55.68662563872896,0.6135465184603648,3.255673108246427
51,88.22682481304554,11.773175186954461,0.06682767422846471,3.6204728388567453
52,22.72669731431899,77.27330268568102,0.3391615980280579,2.9348962901031133
53,6.533457584503943,93.46654241549605,0.11138999901246027,3.0429492250226073
54,65.70580855380152,34.29419144619848,0.48666802008917603,1.4805966789037417
55,0.5094302518839133,99.49056974811609,0.6644364166757877,3.5672579836999607
56,57.43294584192215,42.56705415807785,0.7458675917603143,1.4393592743503623
57,18.213501667670428,81.78649833232957,0.6224789736345644,1.3989122267329512
58,79.49815507741381,20.501844922586187,0.8163537331347002,2.471276696603347
59,8.46813352900112,91.53186647099888,0.6654295974303507,3.413618444901883
60,74.87878490585153,25.121215094148468,0.8608828213528913,1.5027278922400182
61,70.54714205636985,29.45285794363015,0.34244532372125747,1.5767914201012698
62,99.0832295952092,0.9167704047907961,0.8362450621940393,2.97977744354344
63,21.56341748000744,78.43658251999256,0.9400138966434946,1.1279552699093138
64,26.426965624749965,73.57303437525003,0.9510007122673481,2.703142838615891
65,37.256659341560606,62.743340658439394,0.4165228518616124,2.3928841921595336
66,96.86802212966641,3.1319778703335857,0.2069821345418248,2.6114202600906173
67,19.41536552353732,80.58463447646268,0.5452016484025497,2.7340725206189935
68,74.32158098419684,25.678419015803158,0.8932253931251635,1.9681881573518516
69,38.32798744530057,61.67201255469943,0.677590511055404,1.6440695458354564
70,60.80881396586359,39.19118603413641,0.9248275205560933,3.00718022349768
71,47.54864961965824,52.45135038034176,0.6931817650315677,2.434673489598305
72,86.71104808943977,13.288951910560229,0.9222515638885671,3.921429173546251
73,63.51876276394842,36.48123723605158,0.13271339811283456,2.205123665315212
74,21.454054138828138,78.54594586117186,0.7709948773162583,2.31804678744629
75,50.491676621874646,49.508323378125354,0.44943569942567024,1.5480391322495577
76,18.810952518319503,81.18904748168049,0.9085758376266773,3.6759771868417266
77,87.90458870456548,12.095411295434516,0.5097730384888473,1.851434323962959
78,47.34938622927538,52.65061377072462,0.8874179299497296,1.5777276185953344
79,32.90170355540047,67.09829644459953,0.42642993668784923,3.1812292936523097
80,74.26300596544539,25.736994034554613,0.3833368758830147,2.4500503498995383
81,46.21817248925939,53.78182751074061,0.8605663118425244,3.158202125331405
82,9.086529834583546,90.91347016541646,0.20627824315992815,2.827599044823211
83,30.884582684007754,69.11541731599225,0.50169178879816,2.0239173710707608
84,93.87118785745893,6.128812142541065,0.28760454267527547,1.2739493614345245
85,3.883865494678118,96.11613450532188,0.8750940932400176,1.105569242956746
86,7.337870127123292,92.6621298728767,0.5588724786237329,2.238095994333011
87,33.537610862921255,66.46238913707874,0.06245929617604604,1.5600244338234353
88,79.07735488265108,20.92264511734892,0.8390628940776291,1.824212156788763
89,41.098573042518474,58.901426957481526,0.5448739400389593,1.8527597156906386
90,97.95988079919648,2.0401192008035167,0.23606639308316507,3.3521898330775133
91,37.575973759837055,62.424026240162945,0.9323370925931178,2.1549472696583694
92,18.350861350478397,81.6491386495216,0.5351208397085485,2.7026876046483634
93,88.80525745615586,11.194742543844143,0.5522089890165786,3.4760665284011933
94,78.17002398744623,21.82997601255377,0.43060217829079656,3.508005909975333
95,65.31119750216263,34.68880249783737,0.11066058833032591,2.6226273095288066
96,51.3467475317523,48.6532524682477,0.2866397959079281,2.4460266994484523
97,77.80475176709263,22.195248232907375,0.9497595499802239,2.3631082571209765
98,73.21227733296816,26.787722667031844,0.32263439569742147,3.927582583475328
99,92.05122302135683,7.948776978643167,0.363513410234448,1.9762591910517702
100,15.70358973963305,84.29641026036695,0.09676019337660069,3.9439525298180165
101,52.01220999496018,47.98779000503982,0.34760043439672,3.336495275565072
102,5.106402644666108,94.8935973553339,0.3460626966379308,3.9359252481057116
103,86.8842349430368,13.115765056963198,0.7506141406012421,1.6182896976590522
104,2.6681427917109257,97.33185720828908,0.38085617887070733,1.1379524644560362
105,13.57285620425669,86.4271437957433,0.40872733266494704,1.3398936878496315
106,41.22425724085645,58.77574275914355,0.8936453429986773,2.0390079881625733
107,21.971059989668408,78.0289400103316,0.7766381977168628,2.0566745833903557
108,60.402126490854066,39.597873509145934,0.10799866211465589,1.467359750037153
109,20.776394945330136,79.22360505466986,0.8114321804476677,3.8536665327503337
110,24.187001979331203,75.8129980206688,0.6687068681357189,1.0776988774466942
111,80.82747967937505,19.172520320624955,0.8321512618378808,2.0898294771043044
112,54.564487839550566,45.435512160449434,0.43271277373083067,1.7630159133802903
113,89.76350108385805,10.236498916141954,0.5263653085659421,2.0829303540261233
114,8.26966326958708,91.73033673041292,0.8337561015383318,2.3265054028624776
115,38.02593369054955,61.97406630945045,0.3645701416581157,2.1155253158490233
116,19.156030453143646,80.84396954685636,0.8231678591586813,2.0871871875250294
117,59.416352801904715,40.583647198095285,0.4145208532354859,2.7442668564450683
118,30.333361697580862,69.66663830241913,0.6383493782363182,2.411481471588748
119,1.4233835270303419,98.57661647296966,0.24101802623459861,3.685790843533617
120,10.267907733675742,89.73209226632426,0.6835311627757905,1.063030739338037
121,73.6752043363667,26.324795663633296,0.24206730088885364,1.4199070841828325
122,69.75996681518174,30.24003318481826,0.561173298200273,3.522903777671919
123,64.46941928308108,35.53058071691892,0.6926058735474114,1.2333372598889185
124,25.773788384359765,74.22621161564024,0.5756080833052465,1.458994986793375
125,71.3396200251205,28.660379974879504,0.2308605767778108,3.1648978750701637
126,21.755923492578454,78.24407650742154,0.18062185790838453,2.060965291236031
127,17.310212754628118,82.68978724537189,0.8857066921193205,3.6925937241690963
128,33.0374961463718,66.96250385362819,0.6960018369579635,1.4951000809728119
129,58.14580683765737,41.85419316234263,0.11722262257242738,2.6211000044271415
130,62.36633014430387,37.63366985569613,0.16502706775820614,2.2912309038916763
131,95.95573123581856,4.044268764181439,0.16253350714285708,1.3537430809768696
132,2.6285774096302728,97.37142259036973,0.5961935086841414,3.53058361396665
133,32.94857441410149,67.0514255858985,0.8927255260629136,1.9492068888063714
134,47.97384945790121,52.02615054209879,0.1717506120109306,3.3742935225303996
135,79.94323195926744,20.056768040732564,0.08476568652268679,1.4012386036257767
136,16.38438581697228,83.61561418302772,0.41926375254818643,2.1604946579662037
137,46.80233473199572,53.19766526800428,0.10414462686691707,2.8305389807865033
138,86.00777097468432,13.99222902531568,0.9476943220037646,1.0521560691745802
139,64.43310088138013,35.56689911861987,0.42624713260990604,3.6913615273404337
140,76.33720442032416,23.662795579675844,0.2863069861335561,2.2132114744410902
141,30.76596379744685,69.23403620255314,0.6891388088267023,1.5001922849409886
142,21.538496177760415,78.46150382223959,0.7211819320824969,1.5291794845946725
143,32.87907248345989,67.1209275165401,0.2627486609525458,1.1599308788879314
144,80.09907841537833,19.90092158462167,0.8756449249573793,1.6438846147880466
145,59.98507201831913,40.01492798168087,0.18218308731090804,2.7828238613639633
146,12.140617356359185,87.85938264364081,0.8275059614588032,2.495698122766333
147,19.55873401090099,80.44126598909901,0.3205917844492926,2.2258531148226424
148,43.55278675614872,56.44721324385128,0.5381693697827625,1.919854250721174
149,52.604845899344795,47.395154100655205,0.6783514626666922,3.70798608284348
150,74.17417077243543,25.82582922756457,0.29309028158342626,3.406477716510235
151,77.96749019636384,22.03250980363616,0.855558815546696,1.2245121083943609
152,68.23723416485974,31.762765835140257,0.6838555822960616,2.529165647555911
153,20.139317257518552,79.86068274248144,0.9506885665271596,3.6375126974876437
154,9.37338980964082,90.62661019035917,0.39272198089844174,3.700470146526983
155,88.34281826947371,11.65718173052629,0.12797894001241444,3.39366383890063
156,19.36706865662734,80.63293134337266,0.62468530797826,3.7500646178440222
157,95.33429542838479,4.665704571615208,0.650560237037053,2.1604854985498023
158,4.666593993296198,95.3334060067038,0.50085011480515,1.3934483061523375
159,84.33529936808631,15.66470063191369,0.3723119791787886,2.5066027431257387
160,95.34981694005053,4.65018305994947,0.3858310934370016,2.1683817378801216
161,69.82912903553131,30.17087096446869,0.572477966622714,3.5158781029153596
162,34.87900179350416,65.12099820649584,0.2549740673685912,2.0031355159657824
163,5.00254494421003,94.99745505578997,0.07095052559500828,3.749097177599331
164,25.421985031915618,74.57801496808437,0.14270155368306173,2.5854706803650656
165,95.1072049653504,4.892795034649595,0.5504300647040348,2.9428949844630314
166,58.97601500994644,41.02398499005356,0.6421754343667826,3.8513658192728006
167,12.164294496409623,87.83570550359038,0.7220360860154835,1.74807670096194
168,94.85927388781572,5.140726112184282,0.21866147293762322,3.6786765490530193
169,69.86978362634656,30.13021637365344,0.7656461178699272,3.275202253905007
170,25.790502726162156,74.20949727383784,0.4229615141892307,1.801900481679675
171,2.0995446358102354,97.90045536418977,0.13535165893151607,2.744056534377316
172,50.823408845822,49.176591154178,0.6124568377761979,2.3968798139435035
173,90.53763266821679,9.462367331783213,0.7280508676018956,3.0953809998754216
174,25.359418008741052,74.64058199125895,0.07013386193551174,3.8833493020002616
175,96.0061711796747,3.993828820325305,0.3500133082287246,2.1679757264489656
176,83.51470912050951,16.485290879490492,0.5249365637190009,3.8910239415610945
177,69.38342951944617,30.616570480553833,0.9408369484051393,1.019511171616518
178,57.353789445385516,42.646210554614484,0.5196984916499784,3.261984602150913
179,59.99758186923214,40.00241813076786,0.9221599378427849,3.85409032359862
180,79.19749359643117,20.802506403568827,0.21206165823673045,3.0032212124854363
181,52.19814681135263,47.80185318864737,0.5202716272294781,3.8638839181738036
182,25.431161715857144,74.56883828414286,0.8417385129513179,2.848782541700745
183,31.79185005183761,68.20814994816239,0.9718269051347219,1.436871702034424
184,61.962492926612256,38.037507073387744,0.4888940953804387,1.4646106658798743
185,60.330404295474935,39.669595704525065,0.3401750808849697,1.5692813892352282
186,6.864012611198023,93.13598738880198,0.24790696325131611,3.209351860180786
187,72.82806028184864,27.171939718151364,0.1707521730615396,1.5915032261695132
188,78.99935988458827,21.000640115411727,0.7886267178331183,2.0272388878142253
189,15.775060583296996,84.22493941670301,0.5785608617678476,3.677007110469263
190,8.639310160301171,91.36068983969884,0.8675394612749477,2.1662486899408266
191,56.681226035051345,43.318773964948655,0.42975147218483173,1.3585635038905997
192,35.45559987278525,64.54440012721474,0.5970927928701762,2.02030358304589
193,45.9459535863217,54.0540464136783,0.28586765230754985,2.644787613822074
194,86.99635327660803,13.003646723391967,0.42845570865465116,1.243009923713727
195,48.50825104826894,51.49174895173106,0.09817193023997248,1.9082091641871797
196,30.482570218695315,69.51742978130468,0.055448420596537124,3.6320932252158333
197,18.875586101835353,81.12441389816465,0.7883574427266801,2.8688163859323357
198,42.28057896490884,57.71942103509116,0.878920933263197,2.0229929425480435
199,6.831903752464575,93.16809624753543,0.6457329805906166,3.663612584625734
200,23.074426622113254,76.92557337788675,0.4431002797218174,2.6651418587033375
201,99.58386316337446,0.41613683662554024,0.9113917880537055,1.6525298813239127
202,98.93272811487549,1.0672718851245122,0.5225288018211554,3.056194632217076
203,56.09025631550071,43.90974368449929,0.5469387315486411,2.379968497568557
204,65.60986738613968,34.39013261386032,0.14302038842178139,3.5135749493714012
205,80.75821452318877,19.24178547681123,0.7685836783469818,3.4937603947180826
206,54.99920564776617,45.00079435223383,0.44194080193481766,2.365430703028648
207,69.4566941708409,30.543305829159095,0.2947505455582026,2.498151072948367
208,32.38711820679547,67.61288179320454,0.23401589461188327,3.8594012602424823
209,13.93477732419558,86.06522267580442,0.2020933025487861,1.3742479919046418
210,34.83654135153008,65.16345864846991,0.251944878420616,3.3210048585361847
211,70.73650934694774,29.26349065305226,0.6475986218472212,3.925124708811789
212,82.88964278133166,17.11035721866834,0.48160296366265914,2.925935199147001
213,62.20402302353183,37.79597697646817,0.36411701566092536,2.1371006753787833
214,12.48774328383897,87.51225671616103,0.2821929286222293,1.5592403103758614
215,27.87247866990057,72.12752133009943,0.2708282354529323,1.4010756585562674
216,63.15488813321609,36.84511186678391,0.45740857558755116,1.2604231298590518
217,23.570159038032546,76.42984096196746,0.6109051399198651,2.7295523502728463
218,11.389122552578257,88.61087744742174,0.13085793391278175,3.256766537539694
219,73.9484772113114,26.0515227886886,0.8472535229726516,1.71629391769185
220,27.548630175150546,72.45136982484945,0.3423524019879949,1.612679672442145
221,53.61805645102715,46.38194354897285,0.16897775002297727,2.706116271815653
222,92.1628347231095,7.837165276890502,0.5371922135059639,2.7912408872977235
223,59.04249914900759,40.95750085099241,0.06651581088660583,2.7502512672319286
224,44.97686852457955,55.02313147542045,0.7592923794524955,1.5544026110878648
225,63.97661287669153,36.02338712330847,0.16116618700512764,3.0895369828142147
226,79.72357467816596,20.27642532183404,0.8922426599366512,3.5732399236095422
227,79.86106020794517,20.138939792054828,0.5508076562129737,3.9431824604081385
228,15.980954887329268,84.01904511267074,0.0541168639409501,3.1474910795158655
229,1.6661575406927365,98.33384245930726,0.5095192472511996,3.7439918254649296
230,78.93098267432352,21.069017325676484,0.20281908217640388,1.006035297800283
231,8.24327478358773,91.75672521641226,0.38315783458662184,3.4906678567853655
232,81.39002496628707,18.609975033712928,0.18469815635757736,3.213154075733067
233,28.656962034021273,71.34303796597872,0.5449614016079052,1.3436723802293529
234,48.637695095123654,51.362304904876346,0.5333259196465335,1.9155196645681596
235,88.50222042529677,11.49777957470323,0.33788300813868827,3.5097261770806174
236,23.555045109199114,76.44495489080089,0.5434882519872017,3.783338139563712
237,27.112645645960775,72.88735435403922,0.9450013359795825,1.6039645991418925
238,22.432188167656008,77.56781183234399,0.8989217682495503,3.802281888400383
239,45.22539820489237,54.77460179510763,0.7695059793351566,3.824406600148157
240,51.61982843687615,48.38017156312385,0.6760854701803342,3.2093686083019834
241,16.044956669659726,83.95504333034027,0.7249158644857231,2.7206773539798554
242,1.8592888832747456,98.14071111672526,0.9500486405599602,3.8478330890798866
243,17.734463054114958,82.26553694588505,0.6623339319709209,3.0982059120104872
244,94.43971857261502,5.560281427384979,0.13992144085221098,1.7239281478888944
245,18.679445575336352,81.32055442466364,0.28078634483229176,1.5625809670127255
246,74.90650494062976,25.09349505937024,0.08719752123574902,3.726244109125263
247,59.46826069684155,40.53173930315845,0.1239489247005332,2.692225773150681
248,84.85639262343267,15.143607376567331,0.7183880956911428,3.7027333361345445
249,33.50076840150458,66.49923159849541,0.4114230467921227,2.3507033189920734
250,50.157174053379116,49.842825946620884,0.7899735595893285,1.8592645776445789
251,65.58518973336031,34.41481026663969,0.26784359690525367,3.416169009382659
252,99.02000508565422,0.9799949143457809,0.3521247298273603,3.641769903072031
253,36.16923519009582,63.83076480990418,0.7464360686048715,2.5894180600844945
254,90.6492717412031,9.350728258796906,0.24446527521759742,2.601197762380382
255,18.00403435754524,81.99596564245476,0.18531842131118786,2.497744941287517
256,30.673514684811476,69.32648531518852,0.455799914176908,1.5708192698383203
257,57.678248725456605,42.321751274543395,0.7898877755584579,3.064670297240445
258,58.82743284880403,41.17256715119597,0.4337714700179578,2.8633524916053714
259,38.079352050302695,61.920647949697305,0.36892275002336267,1.5518040301735971
260,89.53697082106122,10.463029178938783,0.771905640863275,3.121795612201532
261,15.116847691042956,84.88315230895705,0.21583099728521826,3.599007428096625
262,66.38730045191981,33.61269954808019,0.4823950510411699,2.5673859779600634
263,62.60049198857589,37.39950801142411,0.5937656409658733,1.6406242049188244
264,10.297956693599343,89.70204330640065,0.5856630504193521,2.9583303923281803
265,71.72879672586396,28.27120327413604,0.4110942193797595,3.0232554587493605
266,2.527170250359423,97.47282974964058,0.8620830432942304,2.5893000915276536
267,34.343362661304255,65.65663733869575,0.2519396871093078,2.632126411882372
268,68.59413484725155,31.405865152748447,0.4018735888157176,2.7974431522909993
269,60.26047173568958,39.73952826431042,0.6863029535363416,1.094322581601625
270,38.32033659729828,61.67966340270172,0.6196266803155004,2.947198681277715
271,60.84468407556225,39.15531592443775,0.6269642222233527,1.923358139582048
272,78.83698835258646,21.16301164741354,0.7413109589145742,3.4248920042092372
273,20.315809779381986,79.684190220618,0.721642758088008,1.9039864198701708
274,3.174242882646694,96.8257571173533,0.17392524085777275,2.1021536167277217
275,93.40066065846571,6.599339341534289,0.2904860625786879,2.464027589517729
276,29.737848532806467,70.26215146719353,0.9755588741207222,3.103027383985447
277,81.2156143031415,18.784385696858493,0.46521580101890625,3.2266464857711608
278,74.30244291963587,25.697557080364135,0.8613735376799486,1.7957731411137465
279,94.86984043684954,5.130159563150457,0.4880160084455368,2.306350194820687
280,50.44681872282217,49.55318127717783,0.8443581282475655,3.9373409311576326
281,89.34828312588472,10.65171687411528,0.11341978511428927,1.744466328510181
282,39.78410543669344,60.21589456330656,0.2593454567007357,3.098157748658098
283,50.34077149812764,49.65922850187236,0.5853826664836705,3.7280201317244814
284,68.13057500175638,31.869424998243616,0.36143839734498623,2.4539546050247023
285,7.765636769617402,92.2343632303826,0.9575813316838602,1.561145379153058
286,12.97728984436789,87.02271015563211,0.6844774442005572,3.4025384058369457
287,26.103977612380326,73.89602238761967,0.1813139836998907,1.9399361133861972
288,53.48453506769142,46.51546493230858,0.730776021507397,3.1813572157619743
289,97.54682894768726,2.45317105231274,0.1801632186673176,3.432809149667681
290,99.09171970547155,0.9082802945284527,0.4843560947967756,1.270210759223922
291,66.50541122005733,33.494588779942674,0.12257823352000122,2.9785250710648197
292,5.658796559188839,94.34120344081116,0.1675103784778369,1.519142675735349
293,81.03651355741923,18.963486442580773,0.9481516580792292,3.0162494558354416
294,88.29535343615309,11.704646563846907,0.9641383128628038,2.5344562381216815
295,2.9149931236518767,97.08500687634812,0.12944203349670566,1.4812064710056432
296,13.604641212636858,86.39535878736314,0.9270144051495214,2.4494386274837585
297,47.68393975207932,52.31606024792068,0.06686750256658452,3.6872292308611656
298,75.21882128507117,24.781178714928828,0.5960583541549183,1.1263048954048052
299,23.48155503749266,76.51844496250735,0.2876390975170073,3.804249571624434
300,40.88132275583074,59.11867724416926,0.06147222469599032,2.6036493065087503
301,43.90625825908007,56.09374174091993,0.7918682720865535,1.3570811126516569
302,38.19391489203835,61.80608510796165,0.8781871139967595,1.482628091012838
303,16.954396681850227,83.04560331814977,0.7964386134760432,2.478789835915493
304,58.219621539393096,41.780378460606904,0.9128101191293824,1.1142544164727015
305,81.27232646831392,18.72767353168608,0.5854183152053597,2.1013966274097333
306,66.67631637749926,33.32368362250074,0.09064598561838927,2.1701556425203337
307,66.79121897333303,33.20878102666697,0.3562696187318038,3.2573438831383563
308,28.729435006867455,71.27056499313255,0.36117480585041756,1.0536418800859084
309,55.09284285803976,44.90715714196024,0.4348432276964601,2.083134880355663
310,42.6035020285898,57.3964979714102,0.983958191843799,2.369047413602778
311,36.32445387437464,63.67554612562536,0.13493569071148107,1.095630763243074
312,63.54942892462746,36.45057107537254,0.8300035356816826,3.328608593300138
313,5.976389422559015,94.02361057744099,0.11691742874955241,1.1179409833101137
314,19.782966322048868,80.21703367795114,0.16689420327435198,3.076853457811266
315,12.506106221997793,87.4938937780022,0.17396251427975112,3.228050390029108
316,63.61711260348044,36.38288739651956,0.33795022739936287,1.8457563147111862
317,39.0460769384799,60.9539230615201,0.13671911952307786,1.1117523262722853
318,15.801739205030362,84.19826079496964,0.502425227290641,3.4441022332455486
319,65.28927579362907,34.71072420637093,0.33612554968805197,2.6571642712729484
320,26.520115887359086,73.47988411264092,0.9100284633418388,2.4000189639272547
321,51.34169047302765,48.65830952697235,0.26267399927686047,3.2681554663742247
322,2.202057615471209,97.7979423845288,0.7830247483851619,3.7671991500369018
323,32.29009344951235,67.70990655048766,0.9244738117449975,2.2315646546024057
324,26.850590276026807,73.14940972397319,0.8529801303095151,1.1092470045340357
325,91.68365447227525,8.31634552772475,0.9950091499095324,3.4902760551792316
326,76.47604480730237,23.523955192697628,0.32168171239713234,1.6982930426010578
327,49.44895577178864,50.55104422821136,0.5230954500626999,1.7058632712438877
328,71.12253426695825,28.877465733041745,0.7486281440784511,3.361660593548406
329,18.81010270397433,81.18989729602566,0.8694303172498303,3.04223634025152
330,64.78273563591893,35.217264364081075,0.18000197769167608,3.8352422314491337
331,94.1290855090897,5.870914490910295,0.46052732170691263,3.702040721545338
332,10.647739508241028,89.35226049175897,0.7670033946858901,3.5896426410568387
333,48.18955384332353,51.81044615667647,0.8361045955417259,3.5549987767880404
334,67.95228572471464,32.04771427528536,0.6350921444434612,3.5082478289309105
335,28.828169137683435,71.17183086231657,0.3697191407153719,1.482787037968881
336,66.5571428035658,33.442857196434204,0.7798659706740034,1.646589400183076
337,35.15918726759711,64.8408127324029,0.146775628053103,3.0345260808908443
338,81.96602404397731,18.033975956022687,0.5983436726980584,1.4263224718691596
339,32.59042256741218,67.40957743258781,0.38385338330660734,1.9904049248740776
340,92.28264791941199,7.7173520805880145,0.47797768111384903,2.3425108537815573
341,60.58805398637068,39.41194601362932,0.47330332418902393,1.666654481732566
342,34.134045762996415,65.86595423700359,0.9694249206490215,2.245594589077208
343,91.01757597181924,8.982424028180759,0.12169803278972019,3.9919954567911353
344,30.81739678770854,69.18260321229147,0.6305329880773303,3.498083608390239
345,95.29491469949537,4.705085300504635,0.5861188911872576,1.0675194106649357
346,62.37087876158986,37.62912123841014,0.1158463574385601,3.0257774962834247
347,69.95179782445817,30.04820217554183,0.8388967023650654,2.1542948053371047
348,27.69931946409927,72.30068053590074,0.48264530384899934,1.581940281450248
349,51.205405439813454,48.794594560186546,0.8554443662684146,3.5774422330744473
350,3.3359895081317315,96.66401049186827,0.7077464451803845,2.2287613879238037
351,46.2709490533624,53.7290509466376,0.48851478301252965,1.8053206175829972
352,69.51586548749242,30.48413451250758,0.1483285105143068,2.405970405522837
353,51.28707646737202,48.71292353262798,0.1709706632837295,1.5963827585422585
354,8.456250793586085,91.54374920641392,0.5013813834094,3.5470299456121266
355,25.382257944256757,74.61774205574324,0.6391839888188755,3.4271018141857086
356,71.79284683659263,28.20715316340737,0.27840549315846097,2.1529590521417497
357,94.2324361290479,5.767563870952102,0.5947612674206065,1.2699731061267279
358,66.65362560774145,33.346374392258554,0.4266385628131987,3.476510893339677
359,24.09904929458574,75.90095070541426,0.440281116829681,3.5612259308614362
360,65.16455979705877,34.83544020294123,0.5228742026930052,1.5837713151179753
361,63.18508149280038,36.81491850719962,0.9675764290868288,3.754216093267268
362,95.07909088999625,4.920909110003748,0.1163410869436699,1.6822337980093178
363,45.586936272437626,54.413063727562374,0.8723032877132152,1.737905064058109
364,8.873499999378042,91.12650000062196,0.06616437807083658,1.2284002739665483
365,79.48761215623166,20.512387843768337,0.6494672089698214,1.1055268215948448
366,98.66536014494886,1.3346398550511367,0.3165464096324268,1.4660525789425143
367,28.656140143870758,71.34385985612924,0.35963826661775367,1.164813903795317
368,36.01101911677219,63.98898088322781,0.5088690769739997,3.2012148293497806
369,54.916631221814804,45.083368778185196,0.11820424189459071,3.2630734703577016
370,61.03979322007101,38.96020677992899,0.7090098809358408,1.5435527344156743
371,65.95266295064793,34.047337049352066,0.4602437697174497,2.1677003091062503
372,62.59508723574051,37.40491276425949,0.4229536413265775,2.260553919192165
373,90.92563303801053,9.074366961989469,0.35186013751117234,2.412798202538953
374,13.990607458226744,86.00939254177325,0.2286183871323823,2.4082795656982725
375,81.51554534032955,18.484454659670448,0.0517855920388899,2.3969532001555245
376,40.64336317054723,59.35663682945277,0.7470471282141748,2.838646495961011
377,67.61866360038165,32.38133639961835,0.6269568866166257,2.779401036040414
378,58.06650339008692,41.93349660991308,0.884929489109685,3.499413690765882
379,75.25974127504146,24.740258724958537,0.8925752580130103,3.0429855938401276
380,75.78366853670254,24.216331463297465,0.7936236961071097,3.7407057623411424
381,4.787944817264734,95.21205518273527,0.41514698060638566,2.6500405921345167
382,67.27081060320685,32.729189396793146,0.43241259734193427,2.5105274485492517
383,86.46013311608296,13.539866883917043,0.2816227276359326,2.2484362588860023
384,72.83018058809117,27.169819411908833,0.5285640888245935,2.5093428265315474
385,47.082932422839384,52.917067577160616,0.27522131015573537,1.7813565910458444
386,1.3752867625265175,98.62471323747349,0.8280434272589625,1.3133541781659543
387,13.52394136426539,86.4760586357346,0.9602539739614728,1.8485624002972862
388,8.13145307693789,91.86854692306211,0.1429946862703111,3.5551973617525876
389,85.07376896418997,14.926231035810034,0.3801386428639143,3.798480202218344
390,33.55245807074143,66.44754192925856,0.515872892543109,1.5562210248863502
391,20.050924498984955,79.94907550101505,0.7462019670114624,3.9166161480736776
392,52.106818114633256,47.893181885366744,0.9265747988330931,3.1673445247771888
393,40.15922640762169,59.84077359237831,0.6178935215931008,3.7216243706709897
394,45.339192154646256,54.660807845353744,0.8882472811331454,2.24042311046039
395,23.95454783158353,76.04545216841647,0.235452067389138,3.0060075239410065
396,5.199476557808458,94.80052344219155,0.5155139131842505,2.220526751363784
397,74.49667718725796,25.50332281274204,0.9443499189128642,2.8456418801946706
398,8.790623163285282,91.20937683671471,0.9954747131423352,3.9771942588260147
399,8.90222605677059,91.09777394322941,0.1670672650044979,2.897967481725027
400,66.21054137727883,33.78945862272117,0.936821892760948,2.596453121694732
401,41.977551424474235,58.022448575525765,0.1766003732780621,2.7095371886581745
402,64.14248610707105,35.85751389292895,0.7945043164103124,3.7266080633533467
403,95.83218389950729,4.167816100492715,0.59322741194029,3.022029414081834
404,76.68814318185633,23.311856818143667,0.5968792472427201,3.5218504442195866
405,17.715438644627802,82.2845613553722,0.7221260111220041,3.2421299348642205
406,61.73564870935137,38.26435129064863,0.18913698067583468,3.9546308484926134
407,26.759537690015232,73.24046230998476,0.2846232764595852,2.6388565381250966
408,87.56996263755747,12.430037362442533,0.9496227293609988,1.2046989676917692
409,88.00213367045338,11.997866329546625,0.597934435293378,3.272448725000353
410,42.237683745862,57.762316254138,0.1451187062261266,3.8840548806741784
411,2.878611001573572,97.12138899842643,0.9361332642685267,1.8399600466832413
412,65.03637380024979,34.96362619975021,0.6371392493564288,2.3129353277873457
413,26.92903979083964,73.07096020916036,0.4888856437165405,1.4583488697749813
414,5.527067802688002,94.47293219731199,0.23801424035913638,2.1241699877532265
415,26.029070576823578,73.97092942317641,0.6197689565418739,1.4420590695260374
416,25.697590849728602,74.3024091502714,0.34456488859129925,2.304656592005143
417,50.03417451936325,49.96582548063675,0.19056843790319977,2.9950119196867053
418,26.70572650859171,73.29427349140829,0.9560220222013549,3.1834295385809757
419,9.049949954919557,90.95005004508045,0.46530750893876915,1.0970542155131713
420,0.8080988015286228,99.19190119847137,0.1888298564668956,2.030220673306346
421,15.03870081900155,84.96129918099845,0.2654923424862989,1.9243611118622712
422,15.240687510461559,84.75931248953844,0.48815994633213566,1.836056036452769
423,4.405685010118033,95.59431498988197,0.46494902854329945,2.672432215351243
424,8.567692413489636,91.43230758651036,0.21575288415997745,1.1158282467796603
425,68.76591548341288,31.234084516587117,0.7010007011105417,2.170174778854541
426,6.2751791288595316,93.72482087114047,0.704467349473259,2.628664349994355
427,35.29949563876652,64.70050436123347,0.9433647406537434,2.4637165325084953
428,17.85197425570566,82.14802574429434,0.9971766843495191,3.967901125097526
429,70.59739920369393,29.402600796306075,0.9370196192125759,1.9859595066062354
430,85.43040468127198,14.56959531872802,0.8827233516958649,2.6331177800460592
431,29.181170412174684,70.81882958782532,0.14258303252503235,2.663586146039708
432,5.740737149370889,94.25926285062911,0.8959386556527285,3.2219923473083725
433,33.32570814189372,66.67429185810627,0.9534730301097598,1.6938799573814107
434,21.1353043871792,78.8646956128208,0.8415928090829462,1.2934829738784084
435,90.27904538274272,9.720954617257277,0.9470776660747018,3.9366133586967686
436,78.9028932226044,21.097106777395595,0.879603327996052,1.5637996309417255
437,77.0931141850256,22.9068858149744,0.38676907593837456,3.086250214075793
438,84.15642843794653,15.84357156205347,0.10527945229473017,3.731672827438061
439,99.05820670901716,0.9417932909828437,0.41692644724416283,1.052616936929887
440,20.076217414311248,79.92378258568876,0.47025165421084436,2.8762191243620143
441,78.29161038871266,21.708389611287345,0.5175950857699335,1.2991549246445788
442,48.85736678497966,51.14263321502034,0.6119365897696138,3.066073103352603
443,55.53391081362435,44.46608918637565,0.6254914908387635,1.194973055183321
444,69.33974010417323,30.66025989582677,0.16919197557095356,2.669684872057004
445,28.03661683309504,71.96338316690496,0.9513496289377992,1.112430643765916
446,84.38738489408784,15.612615105912155,0.18696200295071796,2.9650327826722327
447,58.18230074973114,41.81769925026886,0.061926912208422995,1.1794279696644079
448,7.942378278601236,92.05762172139876,0.25097958626008254,2.3377500494653045
449,18.425647126880797,81.57435287311921,0.8778181976288268,1.7349854209028606
450,88.03795469252864,11.962045307471357,0.43494257528189595,3.5035386150464527
451,83.4578317393698,16.542168260630206,0.7344076958461891,2.1264191477779093
452,16.92020566326041,83.07979433673958,0.36963609960092897,2.605847101283443
453,7.656714817668886,92.34328518233112,0.7113355632728829,2.3432712020893782
454,99.48875343829219,0.5112465617078072,0.06709260079358076,1.6083739085936712
455,16.20411024044045,83.79588975955954,0.14836133810896146,2.2904522649171977
456,69.44015527099785,30.55984472900215,0.5352650078967374,3.6531790059818228
457,34.299627554172055,65.70037244582795,0.8184743447599861,3.080995214323998
458,93.70436321336386,6.295636786636138,0.2685200017163481,2.9251760608222437
459,22.739155963534486,77.26084403646551,0.5556322846549673,3.8580091331321364
460,85.066865079799,14.933134920200999,0.705781555138603,3.5228330979253664
461,98.22635046020652,1.7736495397934817,0.13177942770782913,3.614737405361524
462,4.708414782739256,95.29158521726075,0.07618274269011498,3.001908688056507
463,87.20348681833887,12.796513181661126,0.9327517883629827,2.5492447952753925
464,73.96726258535138,26.032737414648622,0.6267879758402051,2.398957129673102
465,62.157903323003616,37.842096676996384,0.9604860210388784,2.2035955771337417
466,28.172947609040744,71.82705239095925,0.21133968364559014,1.1086460093655144
467,71.63898581052061,28.36101418947939,0.7161084293278621,3.7550468401638164
468,60.66865750110075,39.33134249889925,0.3213239740811694,2.388775796603405
469,97.69976743810153,2.3002325618984685,0.6460943064702749,3.744346095694511
470,36.06353366653552,63.93646633346448,0.4808318233785636,1.3725138021747854
471,35.695448256902274,64.30455174309773,0.14107661749810324,1.9149853178928193
472,84.79347128752025,15.206528712479752,0.07476240621219982,3.4251421656993593
473,20.55478991280134,79.44521008719866,0.8017346585172137,2.9346931551713267
474,82.75683647993637,17.243163520063632,0.649894982608705,1.5157222207081888
475,30.69775993047227,69.30224006952773,0.8758984915246156,2.8296770511021383
476,12.494180320020432,87.50581967997957,0.3672126737015949,3.29737179016728
477,36.45022517179114,63.54977482820886,0.2645414364175109,1.9215569970661766
478,44.10205086842973,55.89794913157027,0.6347698921941737,3.733052349093895
479,0.21933265767446475,99.78066734232553,0.774409814194772,2.669584178173133
480,8.361825223266395,91.6381747767336,0.27965121367095314,2.0932051222395702
481,31.73098748175033,68.26901251824967,0.6626577938454855,2.665801820745478
482,17.88532615582874,82.11467384417126,0.5203472124816716,3.482695963489495
483,81.89818123211771,18.101818767882293,0.8463963247355939,2.7120946861050372
484,57.063044207392885,42.936955792607115,0.5415410806835822,2.040160958551709
485,6.9537271427784315,93.04627285722157,0.2973215125951727,2.2833186075935017
486,74.31074985869466,25.689250141305337,0.31936852131806726,1.0346968028707404
487,38.8686139986133,61.1313860013867,0.4673380199079707,1.8376127000563813
488,11.034668235341993,88.965331764658,0.9186259539316666,1.348893917424757
489,68.452022704568,31.547977295432005,0.837880404134782,1.2469886111016812
490,28.54687272700994,71.45312727299006,0.5973812649344802,3.520908744259587
491,3.2928449812862803,96.70715501871372,0.7708855401225898,3.639683665385808
492,38.25432946261122,61.74567053738878,0.8796569553869464,1.4234975202903568
493,18.203953887386216,81.79604611261378,0.5706685041167606,1.0507936021921145
494,21.15242950723405,78.84757049276595,0.7612985016371591,1.8557666401921598
495,39.73397624561037,60.26602375438963,0.8958798895537915,3.344427589058149
496,2.7418194529872153,97.25818054701278,0.5412682507563407,3.9532968016263217
497,95.8852403452198,4.114759654780201,0.5781096241327918,2.4619228871747865
498,63.01011832113821,36.98988167886179,0.7931807784708259,3.02946371446812
499,53.158154593607776,46.841845406392224,0.06802781097240956,3.2444116002317656
500,47.206136871365835,52.793863128634165,0.427981442753798,1.8377150289959208
501,53.46776470822056,46.53223529177944,0.13833776792854277,2.8552276797988267
502,13.587864601494248,86.41213539850575,0.6173755792184158,1.1459962495650873
503,79.32140030480629,20.67859969519371,0.9159960035723193,1.0835502900412908
504,22.808118051599735,77.19188194840027,0.7666161307615579,1.7201016385457955
505,9.142827453666591,90.8571725463334,0.6305193285476434,1.8819464096893914
506,16.47103747287637,83.52896252712362,0.2643735379156462,2.3642023749344236
507,95.68888139070972,4.311118609290276,0.7915653727875691,2.429631523726705
508,59.077020217270515,40.922979782729485,0.30722264227181456,2.0117851454120848
509,57.17273459615008,42.82726540384992,0.23749257496043724,2.165868302295154
510,95.69163752929542,4.30836247070458,0.26646235296814547,2.624463055319449
511,21.208398747598412,78.79160125240159,0.3939844399029768,2.572509790963136
512,57.59667092072236,42.40332907927764,0.7188818075872384,2.9350303076528146
513,97.30862543570964,2.6913745642903564,0.3746869956566307,2.2417751597803557
514,19.057523159380118,80.94247684061989,0.07488590438897326,3.013784908503388
515,88.67896115446504,11.321038845534957,0.49229567320384826,2.1761247184856822
516,40.923374740470585,59.076625259529415,0.1338849945841975,1.3405526999877708
517,99.63484636006118,0.3651536399388249,0.7170460800777805,2.5448433319166854
518,62.37162317868098,37.62837682131902,0.7053789463848751,2.4529130510633848
519,81.06401052146501,18.935989478534992,0.8474170572748189,3.8073136750566294
520,17.196657377977143,82.80334262202285,0.49753428641082853,1.615033326314495
521,69.30385717193538,30.696142828064623,0.997623978088345,1.3108709887658936
522,48.47560544867473,51.52439455132527,0.5794610806142135,1.1661327091073206
523,38.45853235925782,61.54146764074218,0.8815431992615108,3.9636341031115223
524,46.89648799169075,53.10351200830925,0.23033166042572323,3.7814295328370786
525,50.99797607319633,49.00202392680367,0.5559730523665336,1.0139502748067297
526,66.38441593466172,33.61558406533828,0.8138605607975338,1.7964538757803525
527,54.95785196083369,45.04214803916631,0.06766306565028474,1.0840059807297586
528,11.587032168124022,88.41296783187597,0.30931051147176436,1.756907204131793
529,7.728760521202882,92.27123947879711,0.3577153554897777,3.236405636806681
530,83.69452179914985,16.305478200850146,0.880724712094508,3.6552086482003467
531,83.73740531353715,16.262594686462847,0.750131602305256,2.4281354217512394
532,16.96421840520863,83.03578159479137,0.4026197294243557,2.486219235629206
533,35.312273598568765,64.68772640143123,0.6954608970490571,3.6608303646580933
534,1.9400028883422737,98.05999711165772,0.609347961923944,3.4327187123183975
535,29.38097062285757,70.61902937714243,0.6470303471493213,3.1169545931721423
536,19.712298833006127,80.28770116699387,0.11046540273031849,3.385222243690228
537,76.68074317361808,23.319256826381917,0.864419207620833,2.985900482584956
538,25.163552113257182,74.83644788674282,0.198927832686345,1.7517745358841204
539,13.650983788370008,86.34901621162999,0.6388074513002727,1.7011327985083013
540,7.9325885741579505,92.06741142584205,0.4020938141780997,1.4243241012865977
541,56.141246184841364,43.858753815158636,0.9749577268912424,1.8434073687220909
542,87.84206221158871,12.157937788411289,0.21924334111181876,3.912451696480521
543,43.793617409547636,56.206382590452364,0.8965146803851543,2.612630447010901
544,43.59602294798519,56.40397705201481,0.9861551596642167,2.074499623616135
545,72.46658552871932,27.53341447128068,0.9039197456842843,3.0222926339063783
546,59.20027744916943,40.79972255083057,0.4960021148998605,1.520097440791762
547,6.931073952361411,93.06892604763858,0.45726087385493736,3.5353552279332785
548,64.64587651941305,35.35412348058695,0.9840013120744353,3.741017417335074
549,60.59133256445411,39.40866743554589,0.09260353450032288,2.943668711292034
550,26.05182910938064,73.94817089061937,0.16686395833992718,2.8115384020673533
551,14.506283604334502,85.4937163956655,0.8683807612016863,2.157444651179938
552,92.13006963191236,7.869930368087637,0.7092740204408547,1.3486481701672384
553,46.77184067928247,53.22815932071753,0.8923664985480382,3.0646189621191047
554,12.751025507351798,87.2489744926482,0.7271003303265438,2.3130258986417496
555,76.357988184912,23.642011815087997,0.5224454460356257,3.4671246033607197
556,13.00725923438093,86.99274076561908,0.07930470174029558,1.7085647726690159
557,95.20269453490185,4.797305465098148,0.7746036570066008,1.8494803036617573
558,21.592779028332586,78.40722097166741,0.0541940811083772,3.8994165426589635
559,40.08054887315693,59.91945112684307,0.4585261227787659,1.916086263667754
560,0.03321542115761744,99.96678457884238,0.1828663458285591,2.0741682464500997
561,76.86577046487277,23.134229535127233,0.9250538313327555,2.1298507655458465
562,29.38512220527737,70.61487779472263,0.5906931746367214,2.197385124425762
563,26.56158513272342,73.43841486727658,0.698692155028062,3.649249843270863
564,89.87407088192727,10.125929118072733,0.6911979240509847,3.319811827714588
565,52.77094068496416,47.22905931503584,0.4865815485550605,1.8127176062645831
566,89.55345954276713,10.44654045723287,0.2807500112375984,2.0861934819416628
567,59.868250499580626,40.131749500419374,0.607255423577452,2.3064541041620465
568,71.25699390392377,28.74300609607623,0.9593123088045279,1.7562980049857067
569,49.27836281781565,50.72163718218435,0.15923965028216586,3.6159405754410727
570,53.10406625280181,46.89593374719819,0.5231249226175583,3.802845532034942
571,47.68501561965237,52.31498438034763,0.6646795072690844,2.5130915014299013
572,14.692034051443114,85.30796594855688,0.22744849476555812,2.1804086172962176
573,94.72888177388512,5.271118226114879,0.8060102653246792,3.3070806773503536
574,66.56946418661285,33.43053581338715,0.794880230714647,1.8980251150250267
575,30.653562621513853,69.34643737848614,0.46875757201665347,3.6288605094708384
576,9.825408091772559,90.17459190822744,0.08445476947206865,2.947428640514092
577,36.100853738093086,63.899146261906914,0.9132441732072284,1.295835621850496
578,94.1910819611092,5.808918038890795,0.9345698582739465,3.9925622817692705
579,43.36308363180679,56.63691636819321,0.8841776759560767,2.3292345070073455
580,47.466842799196755,52.533157200803245,0.15230260241138696,3.3364557991049812
581,98.21294543125218,1.7870545687478199,0.19920515277630346,2.8392996774622024
582,23.21860045435341,76.7813995456466,0.18789472638979682,3.6440518289124464
583,12.044615065052898,87.9553849349471,0.6985769830274974,3.2758700106676146
584,12.569341459717942,87.43065854028205,0.6766426580738248,1.1801517277561908
585,36.37933694044686,63.62066305955314,0.23674188227015985,3.1379666694850417
586,42.09942961857725,57.90057038142275,0.21086076207927984,2.0190380837792548
587,7.8412539131672006,92.15874608683279,0.31495578163163757,3.9748467961450102
588,2.263635585677959,97.73636441432204,0.23878605770710098,3.6293833172407366
589,46.4754343166714,53.5245656833286,0.9403719985141823,3.7332466594345446
590,0.6223187754147874,99.37768122458522,0.2022060825807797,2.9058366620623866
591,99.76183023010708,0.23816976989292016,0.47591250501078436,2.4938809347685007
592,44.22958329459945,55.77041670540055,0.76177882916435,1.283743626220097
593,1.9665302395807882,98.03346976041921,0.5452441694468263,2.302192619184051
594,20.66903270896072,79.33096729103929,0.5561845388788558,1.0236080700417292
595,75.38266027805007,24.617339721949932,0.4330789324231113,1.2698194490533363
596,16.852879632770446,83.14712036722955,0.25190367420185916,3.0416185228072155
597,63.56721940800695,36.43278059199305,0.8728474622415223,1.4148040091172627
598,12.327568993090187,87.67243100690982,0.2429066567375724,2.1180361703676747
599,99.84455782872351,0.15544217127649063,0.8402966687476469,1.0588979359739845
600,80.85918899064302,19.14081100935698,0.6044225447034377,3.251009721884788
601,10.459341286850144,89.54065871314985,0.49455671259985406,1.7724639568118787
602,84.94323022711743,15.056769772882575,0.14035914177722858,2.8821082085385665
603,35.082649095489735,64.91735090451027,0.5167078865730318,2.9123432850419624
604,2.8079575049115846,97.19204249508842,0.5736404059993988,2.52396327941699
605,7.363383918345134,92.63661608165486,0.14487663183038543,3.7833099729836794
606,33.94428980406894,66.05571019593106,0.3490777596201905,3.0534731923616554
607,6.936001098904554,93.06399890109545,0.40060207576539686,1.0503958863427667
608,70.13870224507284,29.861297754927165,0.48372034356864085,2.8275271059324254
609,76.31549654736006,23.684503452639944,0.1507357355373916,2.1917056988294674
610,3.523988266802247,96.47601173319775,0.44275653785045355,3.3681077435788476
611,32.571552668758706,67.4284473312413,0.29392137241151034,1.8271240152750652
612,64.50634972208566,35.49365027791434,0.6268579250363007,3.2963756395084833
613,83.4174668774464,16.5825331225536,0.6299473980072229,2.695593121457817
614,11.268084817806267,88.73191518219373,0.9702007925891145,1.492389996507502
615,55.418016716318505,44.581983283681495,0.646418388605502,3.0434205890465194
616,82.15254930404978,17.847450695950215,0.2182767919448747,1.854602969408921
617,58.69056061190266,41.30943938809734,0.6702034806301759,1.5357042617353813
618,53.84494657926889,46.15505342073111,0.9682891544881685,2.80955994207166
619,14.431480779643568,85.56851922035644,0.6893629430933772,1.656105278542697
620,76.73076403897493,23.269235961025075,0.9256277811158766,3.683425255073711
621,73.8764469949265,26.123553005073504,0.8373158303020849,2.672213911982181
622,70.22943167934159,29.770568320658413,0.4498659245746526,2.3996678561076727
623,31.091527380936668,68.90847261906333,0.2961917440474551,3.8734571321008673
624,50.179161966705585,49.820838033294415,0.22631564769401302,2.9137650365352976
625,77.01524742936068,22.984752570639316,0.865010016462995,3.8642688078304217
626,91.58389954035067,8.416100459649329,0.20202830834389102,2.9459157347206135
627,72.84084489510867,27.159155104891326,0.1333813366765051,1.767327261080553
628,3.6748137641455236,96.32518623585447,0.05973883079695677,3.2011404970396162
629,95.66828794840518,4.33171205159482,0.8361675546438533,3.938949187546421
630,85.43975581516337,14.560244184836634,0.3785730094557207,1.1123010826193211
631,47.39245858842741,52.60754141157259,0.09866843596520442,2.130640769861165
632,20.89367096408976,79.10632903591024,0.06166153768985014,3.891421894486605
633,38.9134058890768,61.0865941109232,0.2713316192400756,2.124294009961406
634,70.95680506305902,29.043194936940978,0.5074328716949659,2.4825532982071588
635,40.45578033082672,59.54421966917328,0.931791582050399,1.634790168443692
636,92.44831430163349,7.551685698366512,0.5541739043848333,1.5769689826438418
637,80.54014156904263,19.459858430957368,0.8186663509219414,1.6441654592347388
638,51.31595908460086,48.68404091539914,0.7636627218384922,1.9901254074733723
639,83.2141068292233,16.785893170776703,0.16767880386760414,1.9020106661662526
640,71.40768536587285,28.59231463412715,0.8597707009905722,3.3490691481525587
641,26.388222244280477,73.61177775571952,0.6432189572669422,3.7918342548562074
642,31.755464857939497,68.2445351420605,0.9790317249289741,3.473061667933497
643,76.11504564303047,23.88495435696953,0.8580298894073966,3.602848291635283
644,19.476642290657985,80.52335770934201,0.8127966100988634,1.7033719709420725
645,76.54959571962362,23.450404280376375,0.6979312492218613,3.0403347798461615
646,68.02958886850784,31.970411131492156,0.7857503981415531,1.0587470922259254
647,29.19564779721009,70.80435220278991,0.8903075548988348,2.1215310532394493
648,64.09866191850053,35.901338081499475,0.3964951218048432,2.778483096017414
649,12.18352221881518,87.81647778118482,0.8460175085712514,2.5113230408425267
650,0.5726716322966063,99.4273283677034,0.2951034357008994,1.9070655118243853
651,82.09739076191028,17.902609238089724,0.731206500922808,1.7579406102690107
652,27.252752541395296,72.7472474586047,0.8218773115061264,1.1548142541149726
653,55.44344608671389,44.55655391328611,0.07262675922045159,1.5976760810268682
654,75.06329809468527,24.936701905314735,0.1252093625392628,3.607502810995193
655,4.972244496757961,95.02775550324203,0.379589291088679,2.8171763208995397
656,57.758818378220845,42.241181621779155,0.9396463181515124,3.286336473427504
657,90.42084996414344,9.579150035856557,0.20369224200690378,3.6294590227230685
658,47.947369440189,52.052630559811,0.47190868883266074,1.9693695579853114
659,27.024706502974094,72.9752934970259,0.8472595887714094,3.8837805841566846
660,28.608275918938585,71.39172408106141,0.6960836288072745,2.0076907955972745
661,62.52411487977994,37.47588512022006,0.2671042135678405,3.789083318525395
662,93.87606844766005,6.123931552339954,0.666317911637235,2.968485078198915
663,13.836178386518005,86.163821613482,0.4400068620363141,3.2276285804542706
664,48.41292206599619,51.58707793400381,0.7675165434766518,1.9566886833211685
665,95.12333186786529,4.876668132134711,0.4009154688795336,2.1585096083257245
666,50.167783157411705,49.832216842588295,0.38715483871460066,1.4923439325085233
667,31.198087924810668,68.80191207518934,0.5813679828255293,1.7518088808882202
668,5.566994703500184,94.43300529649981,0.9196054849766173,1.4213922362066755
669,74.27759508941082,25.722404910589177,0.7261667387500006,3.7325975162712455
670,16.494488028210064,83.50551197178993,0.30335680463147907,3.9138961386095255
671,6.187280902311287,93.81271909768871,0.4589653598644419,3.7602390416549967
672,63.92350706513356,36.07649293486644,0.7569687117842481,2.110097173112134
673,48.70996918761056,51.29003081238944,0.5090812370337062,2.7232522279661833
674,91.61620193836572,8.38379806163428,0.7558817649952894,3.965870215215325
675,3.1640110816675726,96.83598891833243,0.779811707341964,3.642186905877538
676,40.83326034412313,59.16673965587687,0.749405625458449,3.9303017100209177
677,52.960970068602506,47.039029931397494,0.16176218183115446,3.848041139812796
678,86.89786792834187,13.102132071658133,0.8085251564880792,1.5302822248204695
679,21.60218944105241,78.39781055894758,0.08972252486828332,2.0964256507165544
680,27.42986189468669,72.5701381053133,0.6046499852673902,1.986778700378227
681,8.002227751063607,91.9977722489364,0.27851865572380397,3.288064704153345
682,62.25641406669645,37.74358593330355,0.29582785425342023,3.9823403759669183
683,17.323179822429623,82.67682017757038,0.3452028765360086,1.6128755296588257
684,61.563414074585495,38.436585925414505,0.48811140774303674,3.063671832404941
685,74.68444564859108,25.31555435140892,0.40541349621896494,1.6047847449352532
686,79.76425940077549,20.235740599224513,0.6315922116041154,2.8084674100501337
687,7.74084044169101,92.259159558309,0.7716923081515101,3.9498746014222372
688,70.23846587981129,29.761534120188713,0.6664771243859093,3.604666088319725
689,24.19659704808408,75.80340295191593,0.5833739169948449,3.031074540364542
690,45.54328671874563,54.45671328125437,0.7866409052697398,1.9274184127957397
691,95.94797107944372,4.052028920556282,0.2374306684845186,1.6025454833449015
692,9.236318151373835,90.76368184862616,0.15735216839531102,1.793424196448025
693,30.775522119912104,69.2244778800879,0.6683855872489863,2.8847517838107017
694,96.32034997220332,3.679650027796683,0.8415188139674945,1.7529313465568166
695,42.89544671792997,57.10455328207003,0.9629399679509068,3.4020028453961513
696,79.55174918206116,20.448250817938842,0.6327632022912352,1.4715014763788674
697,95.36776364057131,4.632236359428688,0.13799739144321999,3.5641945237813175
698,11.283002546007115,88.71699745399289,0.4106902293495188,3.5553394554814797
699,93.87251647188948,6.127483528110517,0.2898331989921566,1.4700890811150442
700,95.07545540360543,4.924544596394568,0.6462622192618507,3.9454106011658436
701,17.91543278913079,82.08456721086921,0.9614635858526906,2.87706519954739
702,88.19135871778188,11.808641282218119,0.8957477043900005,3.735484899391472
703,31.877465228786082,68.12253477121392,0.26163520915923166,3.446748356304934
704,74.25182081918565,25.748179180814347,0.7004923385720627,1.2298099971879342
705,56.345166936345116,43.654833063654884,0.6561257056131717,2.99967279172548
706,47.69983879223408,52.30016120776592,0.2953360140532144,1.0721679849055414
707,71.60134934984028,28.398650650159723,0.8817897721486603,1.6912474739660721
708,15.69119600442005,84.30880399557995,0.5738996026143682,2.224248421235664
709,72.38231835298403,27.61768164701597,0.407982513164027,1.8502300332158148
710,35.79346062279003,64.20653937720996,0.05868459836429449,2.3644709029383693
711,17.606614537433675,82.39338546256633,0.4832999065738348,1.814238402048193
712,94.99061515281413,5.009384847185871,0.6339530747607307,1.9895551242877012
713,67.38796942160083,32.61203057839917,0.852984155404621,1.106262059901312
714,55.27238728005565,44.72761271994435,0.4369612446645821,2.3200822549698885
715,27.678811204554833,72.32118879544517,0.5823385987109535,1.2988473315115685
716,6.316798690613479,93.68320130938652,0.7776085592453025,3.949402453039002
717,23.039252337596317,76.96074766240369,0.9826271381980214,2.1473657310285175
718,65.42763433458224,34.57236566541776,0.6866285500798289,1.636148079525307
719,72.95391390701857,27.046086092981426,0.4390176828211434,2.1959316367636807
720,12.936394340238266,87.06360565976173,0.6680217014083167,3.724865822376897
721,57.59577799969421,42.40422200030579,0.4372901934777587,1.9132951143133394
722,3.6894349922600878,96.31056500773991,0.933914880613383,3.1528032665625743
723,65.28646902446597,34.71353097553403,0.21391608371585719,3.594202769028114
724,65.05917630648112,34.94082369351888,0.5055488651665576,1.6181134298825803
725,26.682487802556576,73.31751219744342,0.8335933349305719,1.6544096028163666
726,86.38724727705207,13.612752722947931,0.38062276732911565,3.8045584128219883
727,98.65689046765416,1.343109532345835,0.3060845311672816,2.901503421167466
728,96.75174891605846,3.2482510839415397,0.8689099088532235,3.4348599809994944
729,40.634399225496296,59.365600774503704,0.85221348475184,1.4137557994825052
730,98.28245064483782,1.717549355162177,0.49268707494862285,2.330041899107665
731,80.4898322849806,19.510167715019406,0.7104661739216385,2.154038244264193
732,48.00625000129869,51.99374999870131,0.4591767570712992,1.0342692891569203
733,1.7468568484731106,98.25314315152688,0.9168799059564351,2.046715796032333
734,87.75587292125299,12.244127078747013,0.4052045518492586,1.9926505592645156
735,9.400177250154352,90.59982274984564,0.20970123853874684,1.4682412194501455
736,52.86341921188147,47.13658078811853,0.1228831576380645,2.4885825454818655
737,72.57864674850342,27.421353251496583,0.7746827188426743,3.897984199114794
738,49.859313779443596,50.140686220556404,0.6869603842372245,3.706617408981329
739,93.79926712203728,6.2007328779627215,0.3059998146242303,3.8474271882597217
740,26.328907464697828,73.67109253530217,0.08068392071519424,2.389196382444971
741,35.93575589408139,64.06424410591862,0.451595867754543,2.951714621408485
742,86.25669439855812,13.743305601441875,0.7749710558943801,2.968956402251451
743,98.3131159707227,1.6868840292772944,0.16577915010525968,1.0598831943925786
744,81.9075617825426,18.0924382174574,0.9400381517828102,2.327703963879654
745,11.472411695696616,88.52758830430338,0.7844037915327965,3.591550753415783
746,11.953224214171964,88.04677578582803,0.10565255957211807,1.5419782670987767
747,97.63501289152191,2.36498710847809,0.2689614201637379,1.924337021591216
748,13.754758308824389,86.24524169117561,0.40968023832024164,1.2026025672634404
749,80.13560288720954,19.864397112790456,0.1362438318794452,3.245682196653175
750,63.09309972653669,36.90690027346331,0.355987127463847,2.7464868759207683
751,72.59398862921199,27.406011370788008,0.4101882203464485,1.1864839567946026
752,3.1716498564684836,96.82835014353152,0.36420608516596664,1.9273433940345277
753,92.10423757381683,7.895762426183168,0.8920832063595052,1.0789418177308798
754,73.82669303210727,26.173306967892728,0.6622598171935065,1.847178048259743
755,16.221942943556446,83.77805705644356,0.08108491017536673,1.8250055792185875
756,37.6038865016459,62.3961134983541,0.2953587221576308,2.5693080864294
757,51.29568889897035,48.70431110102965,0.5072166816899042,3.6932967281523346
758,64.97843443621566,35.021565563784335,0.7318289913109072,3.8256797222502485
759,46.205069292204826,53.794930707795174,0.05381381133439069,2.4106232074489533
760,97.93345055991708,2.066549440082923,0.480624599780022,2.3861977671068484
761,7.173792371219756,92.82620762878024,0.32432906330397265,2.5085673826714148
762,92.79868620886104,7.201313791138958,0.1478958947378926,1.3909455423695234
763,62.9548550089668,37.0451449910332,0.14063384870566187,1.050956677952411
764,62.2693660113937,37.7306339886063,0.7451162030792398,1.767892247334225
765,62.689418048649934,37.310581951350066,0.6921575604162623,1.7675207631884335
766,92.72148390469954,7.278516095300461,0.22013749939026367,1.5771106481523853
767,53.036815321354666,46.963184678645334,0.8067708675811379,3.077770788354828
768,96.79269648767618,3.2073035123238185,0.09161496059039032,3.512137906159903
769,62.19873487844946,37.80126512155054,0.8602600323172969,2.787542304057561
770,0.19118284352110937,99.8088171564789,0.691003419552867,1.3142773907782745
771,77.9151999338642,22.0848000661358,0.47610962530001655,2.0255362648949666
772,2.1184238000860334,97.88157619991397,0.6310570328130171,1.1790437114614023
773,63.88615811620713,36.11384188379287,0.5696820721947012,2.705067707591959
774,79.69574248890339,20.30425751109661,0.7741813057928636,1.8145888359180746
775,37.01454660048411,62.98545339951589,0.6182589670143743,1.4777616505917857
776,2.275345195848988,97.72465480415102,0.7238476918163509,3.066068046570455
777,62.54217064828698,37.45782935171302,0.3380843876585555,1.1793614816645452
778,84.99923224803837,15.000767751961632,0.5621678643083295,2.3403940364163622
779,68.5821708616163,31.417829138383695,0.36430880996247295,1.393135641230553
780,73.47865854447139,26.521341455528614,0.7494785641549802,1.5302382429214485
781,64.00166837753575,35.99833162246425,0.31338012344154653,1.0700937989555346
782,83.42111267721985,16.578887322780147,0.1422897285277704,2.41862892205159
783,16.278143161303362,83.72185683869664,0.5749659732163789,3.307802187760754
784,88.2292891526414,11.7707108473586,0.5471622720358824,1.268873726277472
785,25.59208850451915,74.40791149548085,0.07380647936274402,2.0425558122642715
786,98.11063017959157,1.889369820408433,0.6450567614572886,3.330322799543126
787,78.06541419268954,21.934585807310455,0.24561376522247585,2.622340840057497
788,99.07346960304065,0.9265303969593504,0.4828097350571426,3.8625572070516867
789,51.258024034620554,48.741975965379446,0.12476873852092295,2.8074258553043614
790,54.46008056721532,45.53991943278468,0.8284314367507941,2.652249077325012
791,91.62748018795801,8.372519812041986,0.7139466788535173,1.4769158485395095
792,61.22204834688999,38.77795165311001,0.3815445717121582,3.3600882199724236
793,63.6913910117859,36.3086089882141,0.2380792848718084,3.3046083359435747
794,9.368449307061855,90.63155069293815,0.7442712760743211,1.4833399721511036
795,2.4088103037852027,97.5911896962148,0.7866609102412302,1.727490288365502
796,41.94626716221197,58.05373283778803,0.45150777355749755,2.6288882575962402
797,20.7397025780235,79.2602974219765,0.7606682903553663,2.854321306447288
798,37.54511649295138,62.45488350704862,0.3110441550692975,3.421630702924995
799,98.88497379601095,1.1150262039890464,0.9631379065090524,2.06923684573984
800,85.85756115067223,14.142438849327775,0.6375030612770681,3.1453121004193565
801,67.7052760782455,32.294723921754496,0.7363397394720393,1.1953502409406576
802,42.962633142224846,57.037366857775154,0.7544087188152876,1.0166244003174603
803,39.52504392533863,60.47495607466137,0.6342805918629476,2.050663410041538
804,32.102936150311024,67.89706384968898,0.4204924899045386,2.5723430874810225
805,9.781523737024466,90.21847626297553,0.9630936584336222,1.025684123571399
806,74.71574507976754,25.284254920232456,0.39739807160694657,3.4145873526460395
807,79.00245621264594,20.99754378735406,0.8400010963271651,2.2109371435385223
808,82.42966786792245,17.570332132077553,0.7357674229592438,3.4817074966781423
809,84.49532113381659,15.504678866183411,0.3415611655508502,1.9933594923252747
810,99.02495074469651,0.9750492553034888,0.4207629131887506,3.101070822460433
811,62.41151849591646,37.58848150408354,0.08822232833087879,3.7201115995299934
812,34.16661394801276,65.83338605198725,0.45088828724871394,3.513707465193801
813,66.78969780536397,33.21030219463603,0.6611990602300962,3.8718007747338294
814,40.37610735725681,59.62389264274319,0.7632910676407793,1.0931762693047187
815,87.43642389007256,12.563576109927439,0.5265644048818108,3.1839319583926384
816,63.41169546398222,36.58830453601778,0.6420276496758084,2.582013862220167
817,54.65353802903885,45.34646197096115,0.423768680096305,2.338722889830679
818,11.891962055267358,88.10803794473264,0.9541344842109658,1.938357730301396
819,15.445784558635811,84.55421544136419,0.9742248434365031,2.7272617677279594
820,65.15506716887471,34.84493283112529,0.2635006904372343,1.4893089771363743
821,62.357788020443685,37.642211979556315,0.35465056548843454,3.065675721271512
822,83.12108872629669,16.87891127370331,0.16610380445728334,2.296729115962081
823,49.330460200226,50.669539799774,0.36726998405803674,2.6005454707514164
824,18.27904431456583,81.72095568543418,0.26745320805743666,2.102811134254842
825,33.17389312136766,66.82610687863234,0.1922336182197854,3.3120020540925537
826,15.33663751326333,84.66336248673667,0.5587625932796946,2.712423997652443
827,11.162214899209921,88.83778510079009,0.3170524915468647,1.7259425679425362
828,90.79925173736979,9.200748262630214,0.2767207843725295,1.8829377048701903
829,23.051975988224015,76.94802401177598,0.9632433427557031,2.9375713310133866
830,14.969951136989422,85.03004886301058,0.5232509727487438,1.6622430993704866
831,13.964138451788266,86.03586154821173,0.35495604840267697,1.777514284288917
832,1.5876380776097099,98.41236192239029,0.8220357303426703,1.9194484944639638
833,14.12833038334077,85.87166961665923,0.9084555139418642,3.1839112696349927
834,89.43728853198743,10.562711468012566,0.3886160807734941,1.5970014575288891
835,11.427027661476563,88.57297233852344,0.6383127579507744,1.9362104491633567
836,28.770338914760828,71.22966108523917,0.7435691829849619,3.942960246213445
837,43.26497866099849,56.73502133900151,0.8229401373899584,1.3561140293894702
838,78.87170335776814,21.12829664223186,0.45830792782651486,1.6539752123912614
839,94.51163751064787,5.488362489352127,0.7019760190106743,1.3473601917926876
840,53.574576925884074,46.425423074115926,0.332050019252048,3.054087378161075
841,63.55832090132394,36.44167909867606,0.6718802689998807,2.883123867964202
842,90.79917780200665,9.200822197993347,0.31752234913507943,1.5137669009893657
843,4.92795219635248,95.07204780364752,0.9566067710621861,3.0367009074147973
844,37.975261072869905,62.024738927130095,0.13057506328760066,1.9618996775613913
845,45.57154207839583,54.42845792160417,0.32584528467089335,1.0136877915985107
846,15.26772107402261,84.7322789259774,0.6070047208586145,1.8976055255738773
847,24.04181376927017,75.95818623072984,0.9709850727964887,3.0455349123699484
848,69.98231931981972,30.017680680180277,0.5980393514276793,1.3238191292507135
849,68.31439804418413,31.68560195581587,0.7125995208988862,1.6611741510924893
850,11.738161843222771,88.26183815677723,0.4306530935050577,1.6527882708074082
851,53.602333036393276,46.397666963606724,0.5135905109530546,2.5102750471509783
852,78.63945513011728,21.360544869882716,0.3086267349545722,1.8669177749811994
853,28.988223773060938,71.01177622693906,0.4940888551452375,1.0855198566093953
854,55.82502335942452,44.17497664057548,0.42128816527596796,2.1642916684655003
855,17.38002669419425,82.61997330580576,0.7292040646204887,1.0271547786669064
856,26.147274726381255,73.85272527361874,0.33255611883025704,3.372527472894519
857,24.83976684100604,75.16023315899396,0.13266811087601438,3.4799270847678327
858,56.999613104721,43.000386895279,0.6082891428552544,3.4636336847632396
859,9.906352661863183,90.09364733813682,0.4479383113098607,2.433232936472849
860,2.6728343318531023,97.3271656681469,0.7511764842249938,2.5729667989589475
861,5.9720663387068385,94.02793366129316,0.6488941179941446,1.0465653490222389
862,46.069299939326335,53.930700060673665,0.5122018867224084,1.1737325871358026
863,3.521193064229111,96.47880693577089,0.5741901839322701,3.250555273970823
864,12.975666739701197,87.0243332602988,0.3361860174068847,2.1233370704257006
865,43.220492645246225,56.779507354753775,0.48721546884009986,3.5214323363029227
866,4.322531064962332,95.67746893503767,0.7993533403346943,3.2529781820248607
867,3.2912717875367536,96.70872821246324,0.4050156255624393,2.2222487972861975
868,83.98142644814925,16.01857355185075,0.727158222229149,1.2598394709462841
869,64.77563652528661,35.224363474713385,0.6520254124788838,1.9831386890756293
870,40.550416733800255,59.449583266199745,0.164836116024545,3.762939553841597
871,12.412626480254819,87.58737351974519,0.7644580794887874,2.293631149112862
872,14.170046091709043,85.82995390829096,0.7922961463611599,1.0319368449827873
873,12.240432885690545,87.75956711430945,0.3409370395617686,2.6595271255818442
874,58.89034028948114,41.10965971051886,0.34774890297645844,1.9822274998459641
875,89.524313644431,10.475686355568996,0.10901010206527634,3.142198884708587
876,42.846496353583,57.153503646417,0.9532266991949221,1.1600918214074385
877,84.40173886740486,15.598261132595141,0.7656778470104497,1.8091534016492934
878,35.05878103381889,64.94121896618111,0.6165529479084153,2.9221531512049284
879,56.124858129233004,43.875141870766996,0.9026876663329054,2.575755258858866
880,33.33292707364649,66.66707292635351,0.950235884120506,3.3721416135646374
881,12.702840175962072,87.29715982403793,0.31376519787424784,3.052526355800545
882,29.20257493531606,70.79742506468394,0.589969437530206,1.3185218418634321
883,38.161461580468156,61.838538419531844,0.9456187617139984,3.6343037206479583
884,47.41993927492717,52.58006072507283,0.11945364909258628,2.767132194387346
885,31.07193812586633,68.92806187413368,0.6869437262790001,1.414603242449815
886,75.54644818459957,24.45355181540043,0.8628645653241538,3.460537116751855
887,92.71700912675226,7.282990873247741,0.07363162383963319,1.1762103122884557
888,99.67663665283254,0.32336334716745796,0.11089489355127789,2.3022730032466683
889,79.31054675380834,20.68945324619166,0.4445772739545103,3.9709768936991834
890,87.7638689108782,12.236131089121798,0.6480581237540688,2.4610436913472697
891,33.415939791462016,66.58406020853798,0.8916157802401711,1.2616240924263749
892,17.250374363964504,82.74962563603549,0.27870543747287135,1.3727429099923252
893,5.59998236645165,94.40001763354834,0.6818044573288482,1.165703791149686
894,59.46701563387891,40.53298436612109,0.6854207106499037,3.149294931152858
895,9.93148658922074,90.06851341077926,0.0839704432401569,2.971049033395671
896,55.83347499783369,44.16652500216631,0.43362151827681983,1.1476506690804804
897,12.63725284490349,87.36274715509651,0.7719695104714115,1.4485432564133056
898,91.86829299989076,8.131707000109245,0.33770364814315496,3.734164079406962
899,30.283180373138162,69.71681962686183,0.09279336711600109,2.5139827493517473
900,43.635513373892685,56.364486626107315,0.5138413283746496,3.091816963343449
901,92.86056649090415,7.139433509095852,0.7236126226200906,1.6402216171796402
902,10.285222109331615,89.71477789066839,0.11633281222014226,3.113552144730056
903,65.87369048614491,34.12630951385509,0.27020175879050873,3.8405233959226583
904,98.45214793968877,1.5478520603112287,0.6628018819856109,3.7684010530331498
905,5.423908246072095,94.5760917539279,0.7854846046991406,2.1815624220500975
906,81.41460294926249,18.585397050737512,0.5837553012375158,2.337494707748595
907,36.8711811071299,63.1288188928701,0.5283017122479653,2.9973069244761668
908,89.92341489797036,10.07658510202964,0.9308748307982558,2.2973649331376835
909,78.97563776625175,21.02436223374825,0.3003940236235303,3.300111085044433
910,29.0643633102193,70.9356366897807,0.5690977482355376,3.9567865059693603
911,98.3873233949476,1.6126766050523997,0.3464520549772459,2.512413389518926
912,96.4585467310463,3.5414532689537026,0.06485330097607181,3.1005291576926277
913,15.212201191755048,84.78779880824496,0.20137195983441708,3.42677438687007
914,1.936231109013553,98.06376889098645,0.9074906072105133,1.7920142646352164
915,63.8793228126123,36.1206771873877,0.3265545983484328,2.105401010716481
916,13.240830128880155,86.75916987111984,0.18931938293441192,3.557969623747649
917,30.14216430499308,69.85783569500691,0.21549053122198447,2.2984825398847812
918,42.652489584576756,57.347510415423244,0.1718391989935873,1.0278869319990145
919,25.91045746071825,74.08954253928175,0.13105418944826575,2.974483261167088
920,70.44464987302682,29.55535012697318,0.48917382035302637,2.215660763381634
921,28.759317367664373,71.24068263233562,0.996525771909044,3.8692974062572363
922,7.88914707769488,92.11085292230511,0.5208035506811947,3.8369346870196734
923,10.16445601614846,89.83554398385154,0.5101500723227225,3.653427438748568
924,93.84250570634677,6.1574942936532295,0.6879988412902709,1.6064933881090466
925,2.533911488042384,97.46608851195762,0.3251232826158124,2.170255081557287
926,0.3844305525130487,99.61556944748695,0.6222784250990636,3.9286131836059837
927,78.46256575419345,21.53743424580655,0.5846026695893819,3.284749336852231
928,25.08960974453189,74.91039025546812,0.6989787817253609,3.1657184609879234
929,10.193850390915127,89.80614960908487,0.15552492916097999,3.9484366694252198
930,94.90883163013673,5.091168369863269,0.3107778380642024,1.381691529790363
931,0.7865466447825487,99.21345335521745,0.6559791628577606,1.6797915256131455
932,44.463417814636315,55.536582185363685,0.5669460247194291,1.5016137537035856
933,90.14455562829848,9.855444371701523,0.5285036153494446,3.973539926653958
934,13.747547605393473,86.25245239460652,0.526867382188971,2.529922629650662
935,91.48371779355561,8.516282206444387,0.28649853377128437,2.7635204305453045
936,31.675418477786444,68.32458152221355,0.7340156951035096,3.951165129593364
937,30.702972351738232,69.29702764826177,0.7928197013629268,2.5198046618312624
938,57.151694607429484,42.848305392570516,0.09889876455714434,3.7307008181537715
939,68.32961423028384,31.670385769716162,0.7335704152129227,2.1337484161657883
940,70.450956677939,29.549043322060996,0.2520816334382372,3.6001050277285973
941,31.39778073769741,68.60221926230258,0.9922020551781088,1.810163133371118
942,64.71544793182574,35.284552068174264,0.36292113410894433,1.715820211683793
943,74.82762373998527,25.17237626001473,0.5728410429944025,1.4420506644403976
944,50.73666207076221,49.26333792923779,0.5947269538861523,1.203997997627072
945,5.71996016631775,94.28003983368225,0.7685949766171101,1.2455241154051762
946,52.18851956408936,47.81148043591064,0.8059028325777206,1.0938010340054145
947,40.804493091449245,59.195506908550755,0.6728219089072478,1.337019064657405
948,67.8589780411796,32.1410219588204,0.8104818954138554,1.927626620452963
949,99.04466485360172,0.9553351463982835,0.35544491371984266,3.0404679701368496
950,23.48517345932104,76.51482654067897,0.44605542461002917,1.6971449811789765
951,99.81009290119289,0.18990709880711165,0.8185135243719008,1.4856675090063043
952,76.69042206416293,23.30957793583707,0.11110045229298886,3.365323270990259
953,80.01004714941122,19.98995285058878,0.962169183649127,2.462669974174308
954,53.847079099603036,46.152920900396964,0.3133118011512401,3.349933372292506
955,3.805136081324645,96.19486391867535,0.39765872189412055,2.734387864849918
956,76.30725256552746,23.692747434472537,0.4734349500590282,1.8966874036067511
957,44.709675873376774,55.290324126623226,0.7302333426714882,1.2822271466368993
958,20.52945059550574,79.47054940449426,0.2883119402431714,1.0120503036149326
959,27.745543969532783,72.25445603046722,0.5320089991032962,3.0445623388428915
960,39.780651015963095,60.219348984036905,0.587239027035142,1.775494198207268
961,99.7118864764457,0.2881135235543013,0.6965823862718422,3.0996240507053345
962,25.696331970667817,74.30366802933219,0.12760325546489007,3.9872651703940356
963,68.94457664136274,31.055423358637256,0.531026457914671,1.25633274790922
964,15.19554770072622,84.80445229927378,0.3330773624113572,2.2966549472058846
965,28.770583575534104,71.2294164244659,0.3738072270008536,1.7973653585973317
966,25.32898434707458,74.67101565292542,0.8966279500576341,3.1442087513083785
967,68.05832072706828,31.941679272931722,0.27136150988208574,1.7836518374716948
968,10.652194251213555,89.34780574878644,0.45713934343188556,3.8495725542123194
969,15.516542738500604,84.4834572614994,0.3387180577898226,1.802913535541947
970,92.53836354974845,7.461636450251547,0.1906989754411409,1.3111141181081143
971,16.785579552404993,83.214420447595,0.5224637028941292,2.6674367686085536
972,66.57476766842345,33.42523233157655,0.41854217989878717,2.0752795147495524
973,71.98141752484426,28.01858247515574,0.4431587206068651,3.1860180947699206
974,94.97231890382281,5.02768109617719,0.19821184882716747,1.9883686862879957
975,85.3652667022402,14.634733297759794,0.4790146532926518,1.3730912859694175
976,27.695479069936447,72.30452093006355,0.4985070462054015,1.5948771455524233
977,83.11904057862354,16.88095942137646,0.24263021726329825,2.8898617506003843
978,70.59973998878691,29.400260011213092,0.4287397606095527,1.2513716466973939
979,76.26557386602637,23.734426133973628,0.269979677847278,3.3292071019791636
980,70.57042331779982,29.429576682200178,0.22442183504931384,2.592723652000556
981,83.20806301584854,16.791936984151462,0.2889549205258858,1.5438480367587903
982,12.540715588693828,87.45928441130617,0.15229063949471278,1.3263424774667358
983,52.54120162622041,47.45879837377959,0.09937001757958394,1.7499189434815485
984,57.37962225140446,42.62037774859554,0.7513373405790293,3.919512988877333
985,13.766949154174945,86.23305084582506,0.6204045682226628,1.0965436083803324
986,97.5963100480317,2.4036899519683033,0.8831170116854975,2.2365002637213607
987,36.17545875040895,63.82454124959105,0.17743397801659472,1.09325799515103
988,41.37019903109993,58.62980096890007,0.5749833672989467,1.744720649802228
989,86.22297337790343,13.777026622096571,0.4105385076386452,3.2365825684466345
990,29.05198052050595,70.94801947949405,0.7688961978705289,2.7556419405021755
991,46.98782406362106,53.01217593637894,0.6825027565489195,1.214741023176491
992,73.34635109450784,26.65364890549216,0.5425861739822185,1.2261873900855038
993,82.94541347911118,17.05458652088882,0.4945848557015913,3.2524703000224067
994,14.466711134871236,85.53328886512877,0.0682291272945918,3.7804929628463366
995,16.365496110614753,83.63450388938524,0.6449223059641831,2.454699843353715
996,19.125682187680138,80.87431781231986,0.6208256590133351,2.8061177025086197
997,59.686662505993894,40.313337494006106,0.9715973918554232,3.1394678620336336
998,4.619323244738882,95.38067675526112,0.827134400742611,3.8958181253722937
999,12.783684723107768,87.21631527689223,0.17985049061797903,2.669366072878568
